"","X","female","L1","L2","L3","X1","X2","label"
"1",98,0,3,3,4,0,1,1
"2",169,0,3,3,4,0,1,1
"3",239,0,3,3,4,0,0,1
"4",303,0,3,3,4,0,0,1
"5",517,0,3,3,4,1,1,1
"6",545,0,3,3,4,1,1,1
"7",618,0,3,3,4,0,1,1
"8",702,0,3,3,4,0,1,1
"9",875,0,3,3,4,0,0,1
"10",16,1,3,4,3,1,1,1
"11",18,1,3,4,3,1,0,1
"12",40,1,3,4,3,1,0,1
"13",377,1,3,4,3,1,0,1
"14",399,1,3,4,3,1,0,1
"15",448,1,3,4,3,1,1,1
"16",512,1,3,4,3,1,0,1
"17",519,1,3,4,3,0,0,1
"18",564,1,3,4,3,0,1,1
"19",811,1,3,4,3,1,0,1
"20",906,1,3,4,3,1,0,1
"21",36,0,3,3,3,1,1,1
"22",53,0,3,3,3,0,1,1
"23",210,0,3,2,4,0,1,1
"24",230,0,2,3,4,1,1,1
"25",237,0,3,2,4,0,1,1
"26",290,0,3,3,3,0,0,1
"27",349,0,3,2,4,1,1,1
"28",437,0,2,3,4,0,1,1
"29",525,0,2,3,4,0,1,1
"30",583,0,3,3,3,1,1,1
"31",639,0,2,3,4,0,1,1
"32",660,0,3,2,4,0,1,1
"33",795,0,3,3,3,0,1,1
"34",804,0,3,3,3,0,0,1
"35",882,0,2,3,4,1,1,1
"36",929,0,3,2,4,0,1,1
"37",972,0,3,2,4,1,1,1
"38",3,1,3,4,2,1,1,1
"39",124,1,3,3,3,1,0,1
"40",190,1,3,4,2,1,0,1
"41",214,1,3,3,3,0,0,1
"42",243,1,2,4,3,0,0,1
"43",307,1,2,4,3,1,0,1
"44",320,1,3,3,3,1,1,1
"45",394,1,3,3,3,1,0,1
"46",455,1,3,3,3,1,0,1
"47",484,1,3,4,2,0,0,1
"48",568,1,3,3,3,1,0,1
"49",576,1,2,4,3,1,0,1
"50",580,1,3,4,2,1,0,1
"51",670,1,3,3,3,0,0,1
"52",690,1,3,4,2,1,0,1
"53",739,1,2,4,3,1,0,1
"54",742,1,3,3,3,1,0,1
"55",792,1,3,3,3,1,0,1
"56",832,1,3,3,3,1,0,1
"57",913,1,3,3,3,1,0,1
"58",922,1,3,4,2,1,0,1
"59",950,1,3,3,3,1,0,1
"60",997,1,3,4,2,1,1,1
"61",55,0,3,2,3,0,1,1
"62",60,0,3,1,4,0,1,1
"63",78,0,3,3,2,0,1,1
"64",93,0,2,3,3,0,0,1
"65",107,0,3,1,4,1,1,1
"66",159,0,1,3,4,0,0,1
"67",183,0,3,1,4,1,1,1
"68",195,0,2,2,4,1,0,1
"69",218,0,3,3,2,0,0,1
"70",219,0,3,3,2,0,1,1
"71",227,0,2,2,4,0,1,1
"72",229,0,3,2,3,0,1,1
"73",259,0,3,2,3,0,1,1
"74",260,0,3,3,2,0,0,1
"75",277,0,3,1,4,0,0,1
"76",283,0,2,2,4,0,1,1
"77",292,0,3,1,4,0,1,1
"78",390,0,1,3,4,0,1,1
"79",411,0,1,3,4,1,1,1
"80",427,0,2,3,3,0,1,1
"81",441,0,3,3,2,0,1,1
"82",483,0,3,1,4,0,1,1
"83",534,0,2,3,3,0,1,1
"84",542,0,3,1,4,0,1,1
"85",563,0,3,1,4,0,1,1
"86",569,0,2,3,3,0,1,1
"87",573,0,1,3,4,0,1,1
"88",605,0,2,2,4,0,1,1
"89",630,0,3,1,4,0,1,1
"90",634,0,3,3,2,0,1,1
"91",648,0,2,2,4,0,1,1
"92",669,0,1,3,4,0,1,1
"93",671,0,2,3,3,0,1,1
"94",692,0,2,2,4,0,1,1
"95",697,0,3,3,2,0,1,1
"96",713,0,1,3,4,0,1,1
"97",769,0,3,3,2,1,1,1
"98",778,0,1,3,4,0,0,1
"99",809,0,3,3,2,0,1,1
"100",810,0,2,2,4,0,1,1
"101",825,0,3,1,4,0,1,0
"102",837,0,3,3,2,0,1,0
"103",869,0,3,3,2,0,0,0
"104",899,0,2,2,4,0,1,0
"105",910,0,2,3,3,0,1,0
"106",921,0,3,1,4,0,0,0
"107",940,0,1,3,4,0,1,0
"108",947,0,1,3,4,0,1,0
"109",11,1,3,2,3,1,0,0
"110",34,1,1,4,3,0,0,0
"111",35,1,3,2,3,1,0,0
"112",42,1,3,3,2,1,0,0
"113",46,1,3,3,2,1,0,0
"114",50,1,1,4,3,0,0,0
"115",104,1,3,4,1,0,0,0
"116",122,1,3,3,2,1,0,0
"117",170,1,3,3,2,1,0,0
"118",172,1,3,3,2,0,0,0
"119",185,1,3,3,2,1,1,0
"120",244,1,1,4,3,1,1,0
"121",285,1,3,4,1,0,1,0
"122",287,1,1,4,3,1,1,0
"123",324,1,3,4,1,1,0,0
"124",327,1,2,4,2,1,0,0
"125",335,1,1,4,3,0,0,0
"126",336,1,3,3,2,1,0,0
"127",344,1,3,2,3,1,0,0
"128",370,1,1,4,3,0,0,0
"129",380,1,1,4,3,1,0,0
"130",403,1,1,4,3,0,1,0
"131",452,1,3,4,1,1,0,0
"132",465,1,2,4,2,0,0,0
"133",467,1,2,4,2,1,0,0
"134",493,1,3,2,3,1,0,0
"135",520,1,3,2,3,1,0,0
"136",553,1,3,2,3,1,0,0
"137",586,1,3,4,1,1,0,0
"138",672,1,3,2,3,1,0,0
"139",684,1,3,4,1,1,1,0
"140",685,1,3,3,2,1,0,0
"141",691,1,1,4,3,0,0,0
"142",693,1,3,4,1,1,0,0
"143",696,1,1,4,3,1,1,0
"144",699,1,1,4,3,0,0,0
"145",762,1,3,2,3,1,0,0
"146",765,1,2,4,2,1,0,0
"147",770,1,3,2,3,1,0,0
"148",799,1,3,3,2,1,0,0
"149",822,1,2,3,3,0,0,0
"150",829,1,1,4,3,1,1,0
"151",831,1,2,3,3,1,0,0
"152",841,1,3,2,3,1,0,0
"153",846,1,3,2,3,0,1,0
"154",870,1,3,2,3,0,0,0
"155",895,1,1,4,3,1,0,0
"156",944,1,3,2,3,1,0,0
"157",945,1,3,2,3,1,0,0
"158",963,1,2,3,3,1,0,0
"159",998,1,2,4,2,1,0,0
"160",5,0,2,3,2,0,1,0
"161",12,0,3,3,1,0,1,0
"162",24,0,1,3,3,0,1,0
"163",27,0,2,3,2,0,1,0
"164",32,0,3,2,2,0,0,0
"165",43,0,2,3,2,0,1,0
"166",63,0,1,3,3,0,1,0
"167",66,0,2,2,3,0,1,0
"168",67,0,2,1,4,1,1,0
"169",91,0,3,3,1,0,0,0
"170",102,0,3,0,4,0,1,0
"171",105,0,3,0,4,1,1,0
"172",111,0,3,3,1,1,0,0
"173",115,0,2,3,2,0,0,0
"174",123,0,3,2,2,0,1,0
"175",128,0,3,1,3,0,1,0
"176",139,0,2,3,2,0,1,0
"177",143,0,3,2,2,0,1,0
"178",165,0,3,3,1,0,1,0
"179",168,0,1,3,3,0,1,0
"180",174,0,3,1,3,1,0,0
"181",204,0,2,2,3,1,0,0
"182",226,0,1,3,3,0,1,0
"183",232,0,3,3,1,0,1,0
"184",249,0,2,1,4,0,1,0
"185",262,0,2,2,3,0,1,0
"186",267,0,2,1,4,0,1,0
"187",269,0,1,3,3,1,0,0
"188",272,0,2,3,2,0,1,0
"189",305,0,1,3,3,0,1,0
"190",325,0,0,3,4,0,1,0
"191",347,0,2,1,4,0,1,0
"192",373,0,2,3,2,0,1,0
"193",376,0,2,3,2,0,1,0
"194",378,0,1,2,4,0,1,0
"195",395,0,2,3,2,0,1,0
"196",404,0,2,2,3,0,1,0
"197",405,0,0,3,4,0,1,0
"198",412,0,3,0,4,0,1,0
"199",424,0,3,3,1,0,0,0
"200",426,0,2,3,2,1,1,0
"201",429,0,3,3,1,0,1,0
"202",454,0,3,2,2,0,1,0
"203",479,0,3,0,4,1,1,0
"204",496,0,3,3,1,1,1,0
"205",514,0,2,1,4,0,1,0
"206",537,0,2,1,4,0,0,0
"207",551,0,0,3,4,0,1,0
"208",566,0,3,0,4,0,1,0
"209",579,0,0,3,4,0,0,0
"210",587,0,3,3,1,0,1,0
"211",589,0,0,3,4,1,1,0
"212",597,0,3,0,4,0,1,0
"213",598,0,1,2,4,0,1,0
"214",609,0,1,2,4,0,0,0
"215",620,0,2,1,4,1,1,0
"216",624,0,1,2,4,0,0,0
"217",637,0,2,2,3,0,1,0
"218",641,0,0,3,4,0,1,0
"219",647,0,2,1,4,0,0,0
"220",680,0,3,2,2,0,1,0
"221",683,0,3,1,3,0,1,0
"222",700,0,2,1,4,0,0,0
"223",703,0,2,3,2,0,1,0
"224",727,0,3,3,1,0,1,0
"225",728,0,3,1,3,0,1,0
"226",759,0,3,1,3,0,1,0
"227",768,0,1,3,3,0,1,0
"228",771,0,3,3,1,1,1,0
"229",781,0,2,3,2,1,1,0
"230",785,0,2,3,2,0,0,0
"231",801,0,3,3,1,0,1,0
"232",850,0,3,1,3,0,1,0
"233",852,0,3,2,2,0,1,0
"234",888,0,1,3,3,0,0,0
"235",901,0,2,2,3,1,0,0
"236",917,0,3,1,3,0,1,0
"237",969,0,3,0,4,0,1,0
"238",970,0,0,3,4,0,1,0
"239",974,0,2,2,3,0,1,0
"240",996,0,1,3,3,0,1,0
"241",29,1,3,4,0,1,0,0
"242",61,1,3,1,3,1,0,0
"243",103,1,2,2,3,0,1,0
"244",116,1,3,2,2,1,1,0
"245",133,1,3,2,2,1,0,0
"246",145,1,3,3,1,0,0,0
"247",156,1,3,4,0,1,0,0
"248",164,1,3,3,1,1,0,0
"249",180,1,3,1,3,1,1,0
"250",193,1,1,4,2,1,0,0
"251",224,1,1,3,3,1,0,0
"252",234,1,2,4,1,1,0,0
"253",247,1,1,4,2,1,0,0
"254",251,1,2,4,1,1,1,0
"255",281,1,1,3,3,0,0,0
"256",286,1,1,4,2,0,1,0
"257",298,1,3,3,1,1,1,0
"258",317,1,3,3,1,0,0,0
"259",318,1,2,3,2,1,0,0
"260",323,1,1,3,3,1,0,0
"261",356,1,0,4,3,1,0,0
"262",357,1,1,4,2,1,0,0
"263",367,1,2,2,3,1,0,0
"264",410,1,1,3,3,1,1,0
"265",413,1,3,4,0,1,1,0
"266",431,1,3,1,3,1,0,0
"267",445,1,1,3,3,1,0,0
"268",471,1,1,3,3,1,0,0
"269",481,1,3,4,0,1,0,0
"270",506,1,2,2,3,0,0,0
"271",508,1,1,3,3,1,0,0
"272",516,1,2,2,3,1,0,0
"273",518,1,2,3,2,1,0,0
"274",527,1,1,3,3,1,1,0
"275",582,1,3,1,3,1,0,0
"276",590,1,0,4,3,1,0,0
"277",592,1,0,4,3,1,0,0
"278",633,1,0,4,3,0,0,0
"279",642,1,3,2,2,1,0,0
"280",661,1,2,4,1,1,0,0
"281",662,1,0,4,3,1,1,0
"282",663,1,1,3,3,1,1,0
"283",664,1,3,4,0,1,0,0
"284",673,1,3,3,1,1,0,0
"285",704,1,0,4,3,1,0,0
"286",715,1,0,4,3,1,1,0
"287",735,1,0,4,3,1,0,0
"288",741,1,3,2,2,1,0,0
"289",745,1,3,3,1,0,1,0
"290",747,1,3,4,0,1,0,0
"291",750,1,3,1,3,0,0,0
"292",802,1,3,4,0,1,0,0
"293",805,1,0,4,3,1,1,0
"294",827,1,2,2,3,1,1,0
"295",866,1,3,2,2,1,1,0
"296",873,1,0,4,3,1,0,0
"297",890,1,2,2,3,1,0,0
"298",907,1,2,4,1,1,0,0
"299",914,1,3,2,2,1,0,0
"300",918,1,0,4,3,1,0,0
"301",965,1,2,3,2,1,0,0
"302",971,1,2,2,3,0,0,0
"303",980,1,1,3,3,1,1,0
"304",985,1,1,4,2,1,0,0
"305",986,1,2,2,3,1,0,0
"306",992,1,3,2,2,1,1,0
"307",995,1,2,2,3,1,1,0
"308",9,0,3,0,3,0,1,0
"309",13,0,3,0,3,1,1,0
"310",31,0,2,1,3,0,1,0
"311",88,0,3,0,3,0,1,0
"312",112,0,0,2,4,0,1,0
"313",140,0,0,2,4,0,1,0
"314",142,0,1,2,3,0,1,0
"315",160,0,2,0,4,0,0,0
"316",167,0,1,3,2,0,1,0
"317",182,0,2,3,1,0,1,0
"318",189,0,1,3,2,0,0,0
"319",198,0,3,2,1,0,1,0
"320",201,0,3,2,1,0,1,0
"321",221,0,3,1,2,0,1,0
"322",235,0,1,3,2,0,0,0
"323",241,0,3,0,3,1,0,0
"324",264,0,2,1,3,0,1,0
"325",275,0,3,0,3,0,1,0
"326",294,0,1,1,4,0,1,0
"327",316,0,2,1,3,1,1,0
"328",326,0,1,2,3,0,1,0
"329",328,0,3,0,3,0,1,0
"330",339,0,1,1,4,1,1,0
"331",358,0,2,2,2,0,0,0
"332",365,0,1,1,4,0,1,0
"333",366,0,3,1,2,0,1,0
"334",385,0,1,2,3,0,1,0
"335",397,0,0,3,3,0,1,0
"336",398,0,3,0,3,1,1,0
"337",400,0,3,1,2,0,1,0
"338",418,0,0,3,3,0,1,0
"339",436,0,1,3,2,0,1,0
"340",438,0,2,1,3,1,1,0
"341",444,0,1,1,4,1,1,0
"342",459,0,1,2,3,0,1,0
"343",463,0,2,0,4,0,1,0
"344",476,0,3,1,2,0,1,0
"345",478,0,0,2,4,0,0,0
"346",482,0,1,3,2,0,1,0
"347",494,0,2,1,3,0,0,0
"348",497,0,1,3,2,1,0,0
"349",502,0,1,2,3,0,0,0
"350",504,0,0,3,3,0,1,0
"351",510,0,0,3,3,1,1,0
"352",515,0,2,0,4,0,1,0
"353",524,0,3,2,1,0,1,0
"354",526,0,0,3,3,0,1,0
"355",541,0,2,2,2,0,1,0
"356",543,0,0,2,4,1,0,0
"357",544,0,0,3,3,0,1,0
"358",560,0,0,3,3,0,1,0
"359",571,0,2,3,1,1,1,0
"360",575,0,2,1,3,0,1,0
"361",581,0,2,0,4,1,1,0
"362",591,0,1,2,3,0,1,0
"363",593,0,1,1,4,0,1,0
"364",599,0,2,1,3,1,1,0
"365",604,0,2,3,1,1,1,0
"366",608,0,3,1,2,1,1,0
"367",610,0,0,3,3,0,1,0
"368",611,0,0,2,4,0,1,0
"369",612,0,0,3,3,0,1,0
"370",621,0,2,0,4,0,1,0
"371",629,0,2,2,2,0,1,0
"372",635,0,3,2,1,1,1,0
"373",650,0,2,0,4,0,1,0
"374",658,0,3,1,2,1,1,0
"375",705,0,0,2,4,0,1,0
"376",708,0,3,0,3,0,1,0
"377",719,0,1,1,4,0,1,0
"378",724,0,2,2,2,0,1,0
"379",734,0,0,3,3,0,0,0
"380",736,0,3,0,3,0,1,0
"381",737,0,0,2,4,1,1,0
"382",748,0,2,2,2,0,1,0
"383",755,0,3,0,3,1,0,0
"384",756,0,1,3,2,0,1,0
"385",763,0,0,3,3,0,1,0
"386",767,0,2,3,1,0,1,0
"387",777,0,2,0,4,1,1,0
"388",784,0,0,3,3,0,0,0
"389",800,0,0,2,4,0,1,0
"390",808,0,3,1,2,0,1,0
"391",815,0,0,3,3,0,1,0
"392",824,0,0,2,4,0,1,0
"393",843,0,0,2,4,0,1,0
"394",854,0,2,1,3,0,1,0
"395",856,0,2,0,4,1,1,0
"396",864,0,2,0,4,0,0,0
"397",868,0,3,1,2,0,1,0
"398",876,0,2,2,2,0,1,0
"399",896,0,3,1,2,1,1,0
"400",911,0,2,2,2,0,1,0
"401",919,0,2,1,3,0,1,0
"402",936,0,2,3,1,0,1,0
"403",951,0,2,3,1,0,0,0
"404",957,0,1,3,2,0,1,0
"405",959,0,2,2,2,0,0,0
"406",960,0,3,2,1,0,1,0
"407",973,0,3,0,3,0,0,0
"408",984,0,2,1,3,0,1,0
"409",6,1,2,1,3,1,0,0
"410",44,1,2,3,1,0,0,0
"411",45,1,2,2,2,1,0,0
"412",54,1,3,2,1,1,0,0
"413",62,1,1,2,3,1,0,0
"414",68,1,1,3,2,1,0,0
"415",73,1,0,3,3,1,0,0
"416",79,1,3,1,2,1,0,0
"417",82,1,3,3,0,1,0,0
"418",84,1,2,1,3,1,0,0
"419",94,1,2,2,2,1,1,0
"420",95,1,1,3,2,1,0,0
"421",154,1,1,3,2,1,0,0
"422",161,1,1,4,1,0,0,0
"423",166,1,2,1,3,0,0,0
"424",173,1,2,2,2,1,0,0
"425",175,1,0,3,3,0,0,0
"426",178,1,3,3,0,0,1,0
"427",187,1,2,1,3,1,0,0
"428",199,1,0,4,2,1,0,0
"429",200,1,3,3,0,1,0,0
"430",206,1,3,1,2,1,0,0
"431",208,1,1,2,3,1,0,0
"432",215,1,2,3,1,1,0,0
"433",222,1,1,3,2,1,1,0
"434",242,1,0,4,2,1,0,0
"435",256,1,2,4,0,1,0,0
"436",268,1,1,3,2,0,1,0
"437",271,1,2,1,3,1,0,0
"438",279,1,1,2,3,1,0,0
"439",289,1,3,2,1,1,0,0
"440",293,1,2,2,2,1,0,0
"441",311,1,3,1,2,1,0,0
"442",313,1,3,1,2,1,0,0
"443",315,1,1,2,3,0,0,0
"444",332,1,1,2,3,1,0,0
"445",362,1,1,3,2,1,0,0
"446",381,1,0,3,3,1,0,0
"447",387,1,2,3,1,1,0,0
"448",391,1,1,4,1,1,0,0
"449",408,1,1,3,2,1,0,0
"450",414,1,3,3,0,1,1,0
"451",416,1,2,4,0,1,1,0
"452",417,1,2,1,3,1,0,0
"453",421,1,2,1,3,1,0,0
"454",422,1,1,3,2,1,1,0
"455",443,1,2,4,0,1,0,0
"456",446,1,3,1,2,1,0,0
"457",453,1,1,2,3,1,0,0
"458",462,1,3,3,0,1,0,0
"459",474,1,2,4,0,1,0,0
"460",480,1,3,1,2,1,1,0
"461",499,1,2,1,3,1,0,0
"462",509,1,2,3,1,1,0,0
"463",532,1,1,2,3,1,0,0
"464",548,1,2,1,3,1,0,0
"465",554,1,2,3,1,0,0,0
"466",557,1,2,1,3,0,0,0
"467",558,1,2,4,0,1,1,0
"468",561,1,3,1,2,1,0,0
"469",567,1,2,2,2,1,0,0
"470",606,1,3,2,1,1,0,0
"471",613,1,0,4,2,0,0,0
"472",631,1,1,4,1,1,0,0
"473",636,1,1,4,1,1,0,0
"474",656,1,0,4,2,0,0,0
"475",698,1,2,4,0,0,0,0
"476",706,1,3,3,0,1,1,0
"477",720,1,2,2,2,1,0,0
"478",723,1,1,2,3,1,0,0
"479",726,1,2,2,2,0,0,0
"480",732,1,1,4,1,1,0,0
"481",740,1,1,3,2,1,0,0
"482",746,1,2,2,2,0,0,0
"483",774,1,2,3,1,0,0,0
"484",783,1,2,1,3,0,0,0
"485",794,1,3,1,2,1,0,0
"486",803,1,3,1,2,1,0,0
"487",812,1,3,3,0,1,0,0
"488",823,1,3,2,1,1,0,0
"489",835,1,1,3,2,0,0,0
"490",840,1,3,2,1,1,0,0
"491",844,1,1,4,1,1,1,0
"492",851,1,0,4,2,0,0,0
"493",867,1,3,2,1,0,1,0
"494",878,1,1,3,2,1,1,0
"495",883,1,3,2,1,1,0,0
"496",889,1,3,1,2,1,1,0
"497",894,1,1,2,3,0,0,0
"498",898,1,1,3,2,1,0,0
"499",912,1,2,1,3,1,0,0
"500",923,1,2,1,3,0,0,0
"501",927,1,1,4,1,1,1,0
"502",942,1,1,2,3,0,0,0
"503",954,1,3,2,1,0,0,0
"504",982,1,1,4,1,1,0,0
"505",999,1,0,3,3,1,0,0
"506",10,0,2,0,3,0,1,0
"507",14,0,1,0,4,0,1,0
"508",15,0,3,1,1,1,1,0
"509",23,0,3,0,2,0,1,0
"510",26,0,2,1,2,0,0,0
"511",52,0,2,0,3,0,1,0
"512",57,0,1,1,3,0,1,0
"513",72,0,0,2,3,0,1,0
"514",85,0,0,1,4,0,1,0
"515",118,0,2,0,3,0,1,0
"516",125,0,0,2,3,0,1,0
"517",141,0,0,1,4,0,1,0
"518",151,0,0,1,4,1,1,0
"519",186,0,1,1,3,0,1,0
"520",194,0,1,1,3,0,1,0
"521",217,0,0,2,3,0,0,0
"522",265,0,1,3,1,0,1,0
"523",273,0,1,0,4,0,1,0
"524",312,0,2,2,1,0,1,0
"525",329,0,1,2,2,1,1,0
"526",340,0,2,1,2,1,0,0
"527",341,0,1,0,4,0,1,0
"528",343,0,1,3,1,0,1,0
"529",346,0,2,1,2,1,1,0
"530",350,0,3,1,1,1,1,0
"531",353,0,1,0,4,0,1,0
"532",439,0,0,3,2,0,1,0
"533",440,0,2,0,3,1,1,0
"534",447,0,3,1,1,1,1,0
"535",488,0,0,1,4,0,1,0
"536",489,0,1,0,4,1,1,0
"537",501,0,2,1,2,1,1,0
"538",511,0,0,3,2,1,0,0
"539",528,0,2,0,3,0,0,0
"540",531,0,2,2,1,0,1,0
"541",539,0,2,1,2,0,1,0
"542",540,0,0,3,2,0,1,0
"543",546,0,1,1,3,0,1,0
"544",547,0,2,2,1,1,1,0
"545",556,0,2,2,1,0,1,0
"546",584,0,1,2,2,1,1,0
"547",585,0,2,2,1,0,1,0
"548",588,0,1,0,4,0,1,0
"549",600,0,1,0,4,0,1,0
"550",607,0,2,0,3,0,0,0
"551",616,0,2,0,3,0,0,0
"552",638,0,0,3,2,0,1,0
"553",646,0,1,2,2,0,1,0
"554",651,0,0,3,2,0,0,0
"555",654,0,0,2,3,0,1,0
"556",676,0,2,0,3,0,1,0
"557",679,0,0,1,4,0,1,0
"558",681,0,0,3,2,0,1,0
"559",688,0,0,3,2,1,0,0
"560",711,0,0,2,3,0,1,0
"561",738,0,1,3,1,0,1,0
"562",766,0,1,1,3,0,1,0
"563",775,0,2,1,2,0,0,0
"564",797,0,1,3,1,1,1,0
"565",828,0,3,0,2,0,1,0
"566",834,0,0,2,3,0,1,0
"567",855,0,2,2,1,1,1,0
"568",879,0,1,2,2,0,1,0
"569",885,0,2,0,3,0,1,0
"570",902,0,0,3,2,0,1,0
"571",904,0,0,1,4,0,1,0
"572",909,0,2,2,1,0,1,0
"573",920,0,1,0,4,0,1,0
"574",931,0,0,3,2,0,1,0
"575",946,0,0,1,4,0,1,0
"576",958,0,1,3,1,0,0,0
"577",962,0,3,1,1,0,1,0
"578",975,0,2,1,2,0,1,0
"579",976,0,2,0,3,0,0,0
"580",977,0,3,0,2,1,1,0
"581",990,0,2,1,2,1,1,0
"582",991,0,3,0,2,0,1,0
"583",1000,0,3,1,1,0,0,0
"584",1,1,1,3,1,1,1,0
"585",21,1,0,2,3,1,0,0
"586",33,1,1,4,0,0,0,0
"587",39,1,3,2,0,1,0,0
"588",48,1,0,2,3,1,1,0
"589",49,1,1,3,1,1,1,0
"590",69,1,2,3,0,0,0,0
"591",77,1,3,2,0,1,0,0
"592",80,1,1,3,1,1,1,0
"593",81,1,0,3,2,1,0,0
"594",86,1,2,3,0,1,0,0
"595",87,1,2,3,0,1,0,0
"596",99,1,3,1,1,0,0,0
"597",100,1,2,2,1,1,0,0
"598",101,1,1,3,1,1,0,0
"599",106,1,0,2,3,1,0,0
"600",110,1,3,1,1,0,0,0
"601",127,1,0,4,1,0,0,0
"602",138,1,2,2,1,1,0,0
"603",163,1,3,2,0,1,0,0
"604",171,1,0,3,2,0,0,0
"605",177,1,2,3,0,1,0,0
"606",188,1,1,4,0,1,0,0
"607",192,1,2,3,0,1,0,0
"608",207,1,0,4,1,1,0,0
"609",211,1,1,1,3,1,0,0
"610",225,1,0,2,3,1,0,0
"611",231,1,1,2,2,1,0,0
"612",236,1,1,4,0,1,0,0
"613",238,1,1,4,0,1,1,0
"614",253,1,2,1,2,0,0,0
"615",254,1,1,3,1,1,0,0
"616",261,1,2,3,0,1,0,0
"617",263,1,1,4,0,1,1,0
"618",266,1,1,3,1,0,0,0
"619",270,1,2,1,2,1,1,0
"620",274,1,1,3,1,1,1,0
"621",295,1,0,3,2,1,0,0
"622",306,1,1,3,1,1,0,0
"623",308,1,1,1,3,1,0,0
"624",322,1,1,4,0,1,1,0
"625",337,1,2,3,0,1,0,0
"626",345,1,1,3,1,1,1,0
"627",359,1,1,3,1,1,0,0
"628",368,1,3,2,0,1,0,0
"629",371,1,2,1,2,0,1,0
"630",372,1,3,1,1,1,0,0
"631",389,1,1,2,2,1,0,0
"632",401,1,1,4,0,1,0,0
"633",402,1,3,1,1,1,0,0
"634",419,1,1,3,1,1,0,0
"635",425,1,3,1,1,1,0,0
"636",450,1,2,1,2,1,0,0
"637",451,1,2,3,0,1,0,0
"638",460,1,1,1,3,1,0,0
"639",475,1,2,1,2,1,0,0
"640",490,1,1,3,1,1,0,0
"641",535,1,0,2,3,0,0,0
"642",555,1,2,2,1,0,0,0
"643",574,1,0,2,3,1,1,0
"644",577,1,3,2,0,1,0,0
"645",578,1,0,4,1,1,0,0
"646",596,1,2,3,0,1,0,0
"647",601,1,0,2,3,1,0,0
"648",614,1,1,4,0,1,1,0
"649",615,1,1,3,1,1,0,0
"650",619,1,3,2,0,1,0,0
"651",632,1,1,2,2,0,1,0
"652",649,1,2,1,2,1,0,0
"653",653,1,1,4,0,1,1,0
"654",659,1,0,4,1,1,0,0
"655",666,1,0,3,2,1,0,0
"656",667,1,0,4,1,1,0,0
"657",686,1,3,2,0,1,1,0
"658",687,1,3,1,1,0,1,0
"659",694,1,2,2,1,1,0,0
"660",709,1,1,3,1,1,0,0
"661",714,1,1,4,0,1,0,0
"662",716,1,2,2,1,1,0,0
"663",725,1,2,1,2,1,0,0
"664",749,1,2,1,2,1,1,0
"665",752,1,3,1,1,1,1,0
"666",757,1,1,1,3,0,0,0
"667",772,1,2,2,1,1,0,0
"668",779,1,2,2,1,1,1,0
"669",788,1,1,4,0,1,0,0
"670",793,1,0,4,1,1,0,0
"671",796,1,0,4,1,1,0,0
"672",830,1,0,4,1,1,0,0
"673",833,1,0,4,1,1,1,0
"674",836,1,2,1,2,0,0,0
"675",842,1,3,1,1,1,0,0
"676",845,1,1,4,0,1,0,0
"677",859,1,0,3,2,1,0,0
"678",877,1,0,2,3,1,0,0
"679",880,1,1,1,3,1,0,0
"680",891,1,3,1,1,1,0,0
"681",926,1,2,1,2,1,0,0
"682",941,1,2,3,0,1,0,0
"683",966,1,2,2,1,1,0,0
"684",983,1,2,2,1,1,0,0
"685",987,1,3,1,1,1,0,0
"686",2,0,1,1,2,1,1,0
"687",20,0,3,0,1,0,1,0
"688",37,0,1,2,1,0,1,0
"689",41,0,1,1,2,1,1,0
"690",75,0,0,2,2,0,1,0
"691",83,0,2,1,1,0,1,0
"692",92,0,0,2,2,0,1,0
"693",113,0,1,0,3,0,1,0
"694",114,0,3,0,1,1,1,0
"695",121,0,1,2,1,1,1,0
"696",130,0,0,1,3,1,1,0
"697",136,0,0,2,2,1,0,0
"698",146,0,1,1,2,0,1,0
"699",148,0,3,0,1,0,0,0
"700",149,0,1,1,2,0,1,0
"701",150,0,0,1,3,1,1,0
"702",152,0,1,2,1,0,1,0
"703",153,0,1,0,3,0,0,0
"704",176,0,3,0,1,0,1,0
"705",196,0,0,2,2,0,1,0
"706",202,0,2,1,1,0,1,0
"707",209,0,0,1,3,0,0,0
"708",213,0,2,0,2,0,1,0
"709",216,0,1,1,2,0,1,0
"710",223,0,2,1,1,0,0,0
"711",228,0,1,1,2,0,1,0
"712",278,0,0,2,2,0,1,0
"713",301,0,0,1,3,0,1,0
"714",302,0,2,0,2,0,1,0
"715",342,0,2,0,2,0,1,0
"716",351,0,1,0,3,0,0,0
"717",355,0,1,0,3,0,1,0
"718",360,0,0,1,3,0,1,0
"719",383,0,0,1,3,0,1,0
"720",384,0,1,2,1,0,1,0
"721",386,0,0,0,4,0,1,0
"722",393,0,0,2,2,0,1,0
"723",406,0,3,0,1,0,1,0
"724",420,0,2,1,1,0,1,0
"725",428,0,0,3,1,1,1,0
"726",430,0,0,2,2,0,1,0
"727",432,0,1,1,2,0,1,0
"728",433,0,1,0,3,1,1,0
"729",458,0,0,3,1,1,1,0
"730",470,0,2,0,2,1,1,0
"731",487,0,0,0,4,0,0,0
"732",498,0,1,1,2,0,1,0
"733",507,0,1,0,3,0,1,0
"734",521,0,0,2,2,0,1,0
"735",530,0,0,3,1,0,1,0
"736",536,0,2,1,1,0,1,0
"737",549,0,0,1,3,0,0,0
"738",559,0,1,2,1,0,1,0
"739",565,0,1,0,3,0,1,0
"740",623,0,0,3,1,1,1,0
"741",645,0,3,0,1,1,1,0
"742",657,0,1,1,2,0,1,0
"743",674,0,2,0,2,1,1,0
"744",710,0,0,1,3,0,0,0
"745",712,0,2,0,2,1,0,0
"746",729,0,1,1,2,1,1,0
"747",733,0,3,0,1,0,1,0
"748",751,0,1,0,3,0,1,0
"749",764,0,1,0,3,0,1,0
"750",776,0,0,3,1,0,0,0
"751",786,0,0,3,1,0,1,0
"752",807,0,1,1,2,0,1,0
"753",858,0,1,0,3,0,1,0
"754",860,0,3,0,1,1,0,0
"755",865,0,1,2,1,1,1,0
"756",871,0,2,1,1,0,1,0
"757",887,0,0,1,3,0,1,0
"758",893,0,3,0,1,0,1,0
"759",900,0,3,0,1,0,0,0
"760",935,0,1,2,1,0,1,0
"761",938,0,1,1,2,1,1,0
"762",943,0,1,0,3,0,1,0
"763",948,0,1,0,3,0,1,0
"764",953,0,0,2,2,0,1,0
"765",964,0,2,0,2,1,1,0
"766",968,0,0,3,1,0,0,0
"767",978,0,3,0,1,1,1,0
"768",7,1,0,3,1,0,1,0
"769",28,1,0,1,3,1,0,0
"770",30,1,0,2,2,1,0,0
"771",64,1,1,1,2,1,1,0
"772",65,1,0,4,0,1,1,0
"773",89,1,0,4,0,1,0,0
"774",97,1,1,2,1,1,0,0
"775",117,1,2,1,1,1,0,0
"776",129,1,1,1,2,1,0,0
"777",132,1,0,2,2,1,0,0
"778",135,1,2,1,1,1,0,0
"779",137,1,0,1,3,1,0,0
"780",144,1,0,1,3,1,0,0
"781",197,1,0,3,1,1,0,0
"782",205,1,2,2,0,1,1,0
"783",250,1,0,3,1,0,0,0
"784",252,1,0,1,3,1,0,0
"785",257,1,0,1,3,0,1,0
"786",276,1,2,1,1,1,0,0
"787",282,1,3,1,0,1,1,0
"788",297,1,1,3,0,0,0,0
"789",299,1,2,1,1,1,0,0
"790",310,1,0,3,1,1,0,0
"791",314,1,2,2,0,0,1,0
"792",330,1,0,3,1,1,0,0
"793",331,1,2,1,1,1,0,0
"794",361,1,2,1,1,1,0,0
"795",374,1,2,2,0,1,0,0
"796",382,1,2,1,1,1,0,0
"797",388,1,0,3,1,1,0,0
"798",392,1,1,2,1,1,0,0
"799",415,1,1,3,0,1,0,0
"800",423,1,0,3,1,0,0,0
"801",434,1,1,1,2,0,0,0
"802",456,1,0,3,1,1,0,0
"803",461,1,0,1,3,1,1,0
"804",472,1,1,1,2,0,0,0
"805",523,1,2,2,0,1,0,0
"806",533,1,0,2,2,1,0,0
"807",538,1,0,3,1,1,1,0
"808",572,1,1,1,2,1,0,0
"809",602,1,0,2,2,1,1,0
"810",617,1,2,1,1,1,0,0
"811",626,1,1,2,1,1,0,0
"812",655,1,1,2,1,0,0,0
"813",678,1,0,3,1,1,1,0
"814",682,1,1,1,2,1,1,0
"815",695,1,0,3,1,1,0,0
"816",701,1,3,1,0,1,0,0
"817",722,1,0,3,1,0,0,0
"818",789,1,1,2,1,1,0,0
"819",806,1,3,1,0,1,0,0
"820",813,1,1,2,1,1,0,0
"821",814,1,3,1,0,1,0,0
"822",818,1,3,1,0,1,1,0
"823",820,1,0,3,1,1,0,0
"824",838,1,0,4,0,1,1,0
"825",839,1,0,1,3,0,0,0
"826",849,1,1,1,2,1,0,0
"827",861,1,1,3,0,1,0,0
"828",874,1,1,1,2,0,0,0
"829",881,1,1,2,1,0,1,0
"830",884,1,1,1,2,1,0,0
"831",897,1,0,4,0,1,0,0
"832",905,1,0,3,1,1,0,0
"833",915,1,0,2,2,1,0,0
"834",916,1,3,1,0,1,1,0
"835",925,1,0,1,3,1,0,0
"836",993,1,2,2,0,0,0,0
"837",4,0,1,0,2,0,0,0
"838",8,0,0,2,1,0,1,0
"839",17,0,0,1,2,0,1,0
"840",19,0,0,2,1,0,1,0
"841",51,0,0,1,2,0,1,0
"842",59,0,0,2,1,0,1,0
"843",96,0,2,0,1,1,1,0
"844",109,0,2,0,1,0,1,0
"845",131,0,0,0,3,0,0,0
"846",155,0,2,0,1,0,1,0
"847",157,0,0,0,3,0,1,0
"848",162,0,0,2,1,1,0,0
"849",184,0,1,1,1,0,0,0
"850",203,0,0,1,2,1,1,0
"851",220,0,1,1,1,0,1,0
"852",233,0,2,0,1,1,1,0
"853",288,0,0,2,1,0,1,0
"854",291,0,1,1,1,0,1,0
"855",304,0,0,0,3,0,1,0
"856",309,0,0,2,1,0,1,0
"857",333,0,1,0,2,0,1,0
"858",338,0,0,0,3,0,1,0
"859",348,0,1,0,2,0,1,0
"860",364,0,0,1,2,0,1,0
"861",379,0,0,0,3,0,0,0
"862",442,0,2,0,1,0,1,0
"863",464,0,0,1,2,0,0,0
"864",466,0,0,1,2,0,1,0
"865",468,0,0,2,1,0,0,0
"866",473,0,1,1,1,0,0,0
"867",477,0,2,0,1,0,1,0
"868",485,0,0,1,2,1,1,0
"869",505,0,1,0,2,0,0,0
"870",562,0,0,2,1,0,1,0
"871",594,0,0,1,2,0,0,0
"872",625,0,1,0,2,1,1,0
"873",627,0,1,0,2,0,0,0
"874",665,0,1,0,2,0,1,0
"875",668,0,0,2,1,0,1,0
"876",675,0,0,1,2,1,1,0
"877",707,0,0,2,1,0,0,0
"878",717,0,1,1,1,1,0,0
"879",721,0,2,0,1,0,1,0
"880",731,0,1,0,2,0,1,0
"881",744,0,1,0,2,0,1,0
"882",753,0,0,1,2,0,0,0
"883",754,0,0,1,2,0,1,0
"884",760,0,0,0,3,1,1,0
"885",761,0,0,2,1,0,1,0
"886",780,0,0,2,1,0,1,0
"887",790,0,1,0,2,0,1,0
"888",819,0,0,2,1,0,1,0
"889",821,0,1,0,2,0,0,0
"890",826,0,0,1,2,0,1,0
"891",847,0,2,0,1,0,1,0
"892",853,0,0,2,1,0,1,0
"893",903,0,0,0,3,0,1,0
"894",934,0,0,2,1,0,0,0
"895",937,0,0,2,1,0,0,0
"896",939,0,0,0,3,0,1,0
"897",989,0,0,2,1,0,1,0
"898",25,1,1,1,1,1,0,0
"899",38,1,1,1,1,1,1,0
"900",56,1,1,2,0,0,0,0
"901",58,1,0,1,2,1,0,0
"902",70,1,0,3,0,1,0,0
"903",74,1,1,1,1,1,0,0
"904",76,1,0,2,1,1,0,0
"905",120,1,1,2,0,1,0,0
"906",134,1,1,2,0,1,0,0
"907",147,1,0,1,2,1,0,0
"908",191,1,0,2,1,0,0,0
"909",240,1,0,2,1,1,0,0
"910",245,1,1,1,1,1,1,0
"911",246,1,1,1,1,1,0,0
"912",280,1,0,1,2,1,0,0
"913",284,1,1,2,0,1,0,0
"914",296,1,0,3,0,1,0,0
"915",300,1,0,3,0,0,0,0
"916",352,1,1,1,1,1,0,0
"917",354,1,0,3,0,1,0,0
"918",369,1,0,3,0,1,0,0
"919",407,1,0,3,0,1,0,0
"920",409,1,1,1,1,0,0,0
"921",491,1,1,1,1,1,0,0
"922",492,1,0,2,1,0,1,0
"923",495,1,0,2,1,0,0,0
"924",513,1,0,2,1,1,0,0
"925",595,1,0,1,2,1,0,0
"926",603,1,0,2,1,1,0,0
"927",628,1,1,1,1,1,1,0
"928",643,1,0,2,1,1,1,0
"929",644,1,0,2,1,1,0,0
"930",652,1,2,1,0,1,0,0
"931",677,1,2,1,0,1,0,0
"932",718,1,2,1,0,1,0,0
"933",730,1,1,2,0,1,0,0
"934",743,1,0,3,0,0,0,0
"935",758,1,1,2,0,0,0,0
"936",773,1,0,2,1,1,0,0
"937",782,1,2,1,0,1,0,0
"938",791,1,1,1,1,1,0,0
"939",816,1,0,3,0,1,0,0
"940",862,1,0,1,2,1,0,0
"941",886,1,2,1,0,1,0,0
"942",892,1,0,2,1,1,1,0
"943",933,1,1,1,1,1,0,0
"944",955,1,2,1,0,0,0,0
"945",967,1,0,2,1,1,0,0
"946",981,1,0,2,1,1,1,0
"947",994,1,1,1,1,0,1,0
"948",47,0,1,0,1,0,1,0
"949",108,0,1,0,1,0,1,0
"950",158,0,1,0,1,0,1,0
"951",179,0,0,0,2,0,1,0
"952",321,0,0,1,1,0,1,0
"953",396,0,0,1,1,0,1,0
"954",457,0,1,0,1,1,0,0
"955",486,0,0,1,1,0,1,0
"956",500,0,1,0,1,0,1,0
"957",529,0,1,0,1,0,1,0
"958",550,0,0,0,2,0,1,0
"959",640,0,0,1,1,0,1,0
"960",848,0,0,0,2,0,1,0
"961",857,0,0,0,2,1,0,0
"962",863,0,1,0,1,0,1,0
"963",872,0,1,0,1,1,1,0
"964",928,0,0,1,1,0,1,0
"965",930,0,1,0,1,1,0,0
"966",932,0,1,0,1,0,1,0
"967",949,0,0,1,1,0,1,0
"968",988,0,1,0,1,1,1,0
"969",22,1,0,2,0,0,0,0
"970",71,1,1,1,0,0,0,0
"971",90,1,1,1,0,1,1,0
"972",126,1,0,2,0,1,0,0
"973",248,1,1,1,0,1,0,0
"974",334,1,0,1,1,1,0,0
"975",435,1,0,2,0,1,0,0
"976",469,1,0,1,1,1,0,0
"977",503,1,1,1,0,1,0,0
"978",522,1,1,1,0,1,0,0
"979",552,1,1,1,0,1,0,0
"980",570,1,0,1,1,1,1,0
"981",787,1,0,2,0,1,1,0
"982",952,1,1,1,0,1,0,0
"983",181,0,0,0,1,1,1,0
"984",255,0,0,0,1,0,1,0
"985",319,0,0,0,1,0,1,0
"986",363,0,0,0,1,0,1,0
"987",798,0,0,0,1,0,1,0
"988",908,0,0,0,1,0,1,0
"989",924,0,0,0,1,1,1,0
"990",956,0,0,0,1,0,0,0
"991",119,1,0,1,0,0,0,0
"992",212,1,0,1,0,0,0,0
"993",258,1,0,1,0,0,0,0
"994",375,1,0,1,0,1,0,0
"995",449,1,0,1,0,1,0,0
"996",622,1,0,1,0,1,0,0
"997",689,1,0,1,0,1,1,0
"998",817,1,0,1,0,1,0,0
"999",961,1,0,1,0,1,0,0
"1000",979,1,0,1,0,0,1,0
